insert into koppelingen values(newid(), '1953-11-21 10:10:10.000', (select id from houders where Naam='HonderdplusKoppelingen'), (select id from personen where VoornaamAchternaam='EAaaEdhaf'))
,(newid(), '1939-11-25 10:10:10.000', (select id from houders where Naam='HonderdplusKoppelingen'), (select id from personen where VoornaamAchternaam='BAaaHcgkb'))
,(newid(), '1946-12-17 10:10:10.000', (select id from houders where Naam='HonderdplusKoppelingen'), (select id from personen where VoornaamAchternaam='IAaaCckhi'))
,(newid(), '1921-10-20 10:10:10.000', (select id from houders where Naam='HonderdplusKoppelingen'), (select id from personen where VoornaamAchternaam='KAaaEckdd'))
,(newid(), '1937-12-10 10:10:10.000', (select id from houders where Naam='HonderdplusKoppelingen'), (select id from personen where VoornaamAchternaam='DAaaHeiea'))
,(newid(), '1966-12-20 10:10:10.000', (select id from houders where Naam='HonderdplusKoppelingen'), (select id from personen where VoornaamAchternaam='DAaaAiadj'))
,(newid(), '1966-12-15 10:10:10.000', (select id from houders where Naam='HonderdplusKoppelingen'), (select id from personen where VoornaamAchternaam='GAaaIdgja'))
,(newid(), '2010-11-24 10:10:10.000', (select id from houders where Naam='HonderdplusKoppelingen'), (select id from personen where VoornaamAchternaam='CAaaEgbbh'))
,(newid(), '1928-10-28 10:10:10.000', (select id from houders where Naam='HonderdplusKoppelingen'), (select id from personen where VoornaamAchternaam='KAaaDjkff'))
,(newid(), '1993-11-20 10:10:10.000', (select id from houders where Naam='HonderdplusKoppelingen'), (select id from personen where VoornaamAchternaam='CAaaEfdkc'))
,(newid(), '1955-12-16 10:10:10.000', (select id from houders where Naam='HonderdplusKoppelingen'), (select id from personen where VoornaamAchternaam='BAaaEacfj'))
,(newid(), '2012-11-24 10:10:10.000', (select id from houders where Naam='HonderdplusKoppelingen'), (select id from personen where VoornaamAchternaam='CAaaAaica'))
,(newid(), '1978-10-27 10:10:10.000', (select id from houders where Naam='HonderdplusKoppelingen'), (select id from personen where VoornaamAchternaam='JAaaIijig'))
,(newid(), '1925-11-13 10:10:10.000', (select id from houders where Naam='HonderdplusKoppelingen'), (select id from personen where VoornaamAchternaam='KAaaBbkdg'))
,(newid(), '1973-10-23 10:10:10.000', (select id from houders where Naam='HonderdplusKoppelingen'), (select id from personen where VoornaamAchternaam='IAaaDehge'))
,(newid(), '1996-10-19 10:10:10.000', (select id from houders where Naam='HonderdplusKoppelingen'), (select id from personen where VoornaamAchternaam='DAaaAgefg'))
,(newid(), '1952-10-10 10:10:10.000', (select id from houders where Naam='HonderdplusKoppelingen'), (select id from personen where VoornaamAchternaam='GAaaBedfb'))
,(newid(), '1987-11-27 10:10:10.000', (select id from houders where Naam='HonderdplusKoppelingen'), (select id from personen where VoornaamAchternaam='JAaaAihha'))
,(newid(), '1922-12-22 10:10:10.000', (select id from houders where Naam='HonderdplusKoppelingen'), (select id from personen where VoornaamAchternaam='EAaaDjkib'))
,(newid(), '1924-11-25 10:10:10.000', (select id from houders where Naam='HonderdplusKoppelingen'), (select id from personen where VoornaamAchternaam='BAaaBegic'))
,(newid(), '1943-10-16 10:10:10.000', (select id from houders where Naam='HonderdplusKoppelingen'), (select id from personen where VoornaamAchternaam='KAaaFhhkg'))
,(newid(), '1963-10-23 10:10:10.000', (select id from houders where Naam='HonderdplusKoppelingen'), (select id from personen where VoornaamAchternaam='AAaaAijkb'))
,(newid(), '2000-12-14 10:10:10.000', (select id from houders where Naam='HonderdplusKoppelingen'), (select id from personen where VoornaamAchternaam='DAaaDbeie'))
,(newid(), '1963-11-19 10:10:10.000', (select id from houders where Naam='HonderdplusKoppelingen'), (select id from personen where VoornaamAchternaam='DAaaDcekg'))
,(newid(), '2011-10-17 10:10:10.000', (select id from houders where Naam='HonderdplusKoppelingen'), (select id from personen where VoornaamAchternaam='DAaaFjbkj'))
,(newid(), '1952-12-16 10:10:10.000', (select id from houders where Naam='HonderdplusKoppelingen'), (select id from personen where VoornaamAchternaam='BAaaCkcii'))
,(newid(), '1963-11-20 10:10:10.000', (select id from houders where Naam='HonderdplusKoppelingen'), (select id from personen where VoornaamAchternaam='EAaaIeaii'))
,(newid(), '1972-12-15 10:10:10.000', (select id from houders where Naam='HonderdplusKoppelingen'), (select id from personen where VoornaamAchternaam='HAaaEgick'))
,(newid(), '1966-11-13 10:10:10.000', (select id from houders where Naam='HonderdplusKoppelingen'), (select id from personen where VoornaamAchternaam='BAaaGeaig'))
,(newid(), '1942-10-11 10:10:10.000', (select id from houders where Naam='HonderdplusKoppelingen'), (select id from personen where VoornaamAchternaam='GAaaAaaji'))
,(newid(), '2012-12-19 10:10:10.000', (select id from houders where Naam='HonderdplusKoppelingen'), (select id from personen where VoornaamAchternaam='CAaaFbfad'))
,(newid(), '1997-10-18 10:10:10.000', (select id from houders where Naam='HonderdplusKoppelingen'), (select id from personen where VoornaamAchternaam='GAaaJkcjh'))
,(newid(), '1925-12-19 10:10:10.000', (select id from houders where Naam='HonderdplusKoppelingen'), (select id from personen where VoornaamAchternaam='AAaaJdgji'))
,(newid(), '2000-12-14 10:10:10.000', (select id from houders where Naam='HonderdplusKoppelingen'), (select id from personen where VoornaamAchternaam='AAaaDkkga'))
,(newid(), '2001-12-26 10:10:10.000', (select id from houders where Naam='HonderdplusKoppelingen'), (select id from personen where VoornaamAchternaam='HAaaGjibh'))
,(newid(), '1981-10-18 10:10:10.000', (select id from houders where Naam='HonderdplusKoppelingen'), (select id from personen where VoornaamAchternaam='HAaaHdbbh'))
,(newid(), '1921-10-26 10:10:10.000', (select id from houders where Naam='HonderdplusKoppelingen'), (select id from personen where VoornaamAchternaam='BAaaIbedj'))
,(newid(), '1953-11-26 10:10:10.000', (select id from houders where Naam='HonderdplusKoppelingen'), (select id from personen where VoornaamAchternaam='DAaaDddia'))
,(newid(), '2013-11-26 10:10:10.000', (select id from houders where Naam='HonderdplusKoppelingen'), (select id from personen where VoornaamAchternaam='KAaaCggbf'))
,(newid(), '2009-11-21 10:10:10.000', (select id from houders where Naam='HonderdplusKoppelingen'), (select id from personen where VoornaamAchternaam='GAaaIhggb'))
,(newid(), '1981-10-26 10:10:10.000', (select id from houders where Naam='HonderdplusKoppelingen'), (select id from personen where VoornaamAchternaam='BAaaIcdeg'))
,(newid(), '2003-12-23 10:10:10.000', (select id from houders where Naam='HonderdplusKoppelingen'), (select id from personen where VoornaamAchternaam='EAaaFhdai'))
,(newid(), '1993-10-13 10:10:10.000', (select id from houders where Naam='HonderdplusKoppelingen'), (select id from personen where VoornaamAchternaam='FAaaBkafg'))
,(newid(), '1959-12-23 10:10:10.000', (select id from houders where Naam='HonderdplusKoppelingen'), (select id from personen where VoornaamAchternaam='IAaaBicfd'))
,(newid(), '2007-10-24 10:10:10.000', (select id from houders where Naam='HonderdplusKoppelingen'), (select id from personen where VoornaamAchternaam='HAaaJidfc'))
,(newid(), '1935-10-27 10:10:10.000', (select id from houders where Naam='HonderdplusKoppelingen'), (select id from personen where VoornaamAchternaam='JAaaAffdk'))
,(newid(), '2012-12-20 10:10:10.000', (select id from houders where Naam='HonderdplusKoppelingen'), (select id from personen where VoornaamAchternaam='CAaaEfdgi'))
,(newid(), '1993-12-23 10:10:10.000', (select id from houders where Naam='HonderdplusKoppelingen'), (select id from personen where VoornaamAchternaam='GAaaFkbca'))
,(newid(), '1922-10-11 10:10:10.000', (select id from houders where Naam='HonderdplusKoppelingen'), (select id from personen where VoornaamAchternaam='GAaaBhckj'))
,(newid(), '1921-10-14 10:10:10.000', (select id from houders where Naam='HonderdplusKoppelingen'), (select id from personen where VoornaamAchternaam='DAaaGdkbi'))
,(newid(), '1963-10-22 10:10:10.000', (select id from houders where Naam='HonderdplusKoppelingen'), (select id from personen where VoornaamAchternaam='DAaaHkiei'))
,(newid(), '1924-12-26 10:10:10.000', (select id from houders where Naam='HonderdplusKoppelingen'), (select id from personen where VoornaamAchternaam='JAaaGbegc'))
,(newid(), '1964-12-18 10:10:10.000', (select id from houders where Naam='HonderdplusKoppelingen'), (select id from personen where VoornaamAchternaam='FBbbIcjeb'))
,(newid(), '1963-12-22 10:10:10.000', (select id from houders where Naam='HonderdplusKoppelingen'), (select id from personen where VoornaamAchternaam='ABbbJdecd'))
,(newid(), '2014-10-19 10:10:10.000', (select id from houders where Naam='HonderdplusKoppelingen'), (select id from personen where VoornaamAchternaam='CBbbEjgej'))
,(newid(), '1964-10-16 10:10:10.000', (select id from houders where Naam='HonderdplusKoppelingen'), (select id from personen where VoornaamAchternaam='IBbbHddcd'))
,(newid(), '1952-10-22 10:10:10.000', (select id from houders where Naam='HonderdplusKoppelingen'), (select id from personen where VoornaamAchternaam='ABbbIaeec'))
,(newid(), '1931-11-19 10:10:10.000', (select id from houders where Naam='HonderdplusKoppelingen'), (select id from personen where VoornaamAchternaam='JBbbJgieh'))
,(newid(), '1963-12-18 10:10:10.000', (select id from houders where Naam='HonderdplusKoppelingen'), (select id from personen where VoornaamAchternaam='EBbbFhbfa'))
,(newid(), '1979-10-20 10:10:10.000', (select id from houders where Naam='HonderdplusKoppelingen'), (select id from personen where VoornaamAchternaam='FBbbAkikb'))
,(newid(), '1985-12-16 10:10:10.000', (select id from houders where Naam='HonderdplusKoppelingen'), (select id from personen where VoornaamAchternaam='DBbbJheca'))
,(newid(), '1931-11-14 10:10:10.000', (select id from houders where Naam='HonderdplusKoppelingen'), (select id from personen where VoornaamAchternaam='GBbbKdcdb'))
,(newid(), '1973-12-18 10:10:10.000', (select id from houders where Naam='HonderdplusKoppelingen'), (select id from personen where VoornaamAchternaam='ABbbFekcc'))
,(newid(), '1947-12-23 10:10:10.000', (select id from houders where Naam='HonderdplusKoppelingen'), (select id from personen where VoornaamAchternaam='ABbbHgcfa'))
,(newid(), '2005-10-25 10:10:10.000', (select id from houders where Naam='HonderdplusKoppelingen'), (select id from personen where VoornaamAchternaam='BBbbEcfef'))
,(newid(), '1948-12-24 10:10:10.000', (select id from houders where Naam='HonderdplusKoppelingen'), (select id from personen where VoornaamAchternaam='BBbbFhdhi'))
,(newid(), '1962-12-28 10:10:10.000', (select id from houders where Naam='HonderdplusKoppelingen'), (select id from personen where VoornaamAchternaam='ABbbIbgbc'))
,(newid(), '1955-12-10 10:10:10.000', (select id from houders where Naam='HonderdplusKoppelingen'), (select id from personen where VoornaamAchternaam='JBbbKebaa'))
,(newid(), '1933-10-11 10:10:10.000', (select id from houders where Naam='HonderdplusKoppelingen'), (select id from personen where VoornaamAchternaam='DBbbEhjje'))
,(newid(), '2012-12-22 10:10:10.000', (select id from houders where Naam='HonderdplusKoppelingen'), (select id from personen where VoornaamAchternaam='CBbbFdikf'))
,(newid(), '1975-10-16 10:10:10.000', (select id from houders where Naam='HonderdplusKoppelingen'), (select id from personen where VoornaamAchternaam='ABbbGjeic'))
,(newid(), '1993-11-27 10:10:10.000', (select id from houders where Naam='HonderdplusKoppelingen'), (select id from personen where VoornaamAchternaam='DBbbGikhg'))
,(newid(), '1975-10-28 10:10:10.000', (select id from houders where Naam='HonderdplusKoppelingen'), (select id from personen where VoornaamAchternaam='DBbbKdijk'))
,(newid(), '1991-11-26 10:10:10.000', (select id from houders where Naam='HonderdplusKoppelingen'), (select id from personen where VoornaamAchternaam='CBbbCjdfg'))
,(newid(), '1997-12-21 10:10:10.000', (select id from houders where Naam='HonderdplusKoppelingen'), (select id from personen where VoornaamAchternaam='IBbbBkckh'))
,(newid(), '1964-10-26 10:10:10.000', (select id from houders where Naam='HonderdplusKoppelingen'), (select id from personen where VoornaamAchternaam='FBbbKddjd'))
,(newid(), '1928-12-25 10:10:10.000', (select id from houders where Naam='HonderdplusKoppelingen'), (select id from personen where VoornaamAchternaam='CBbbKghgc'))
,(newid(), '1992-12-10 10:10:10.000', (select id from houders where Naam='HonderdplusKoppelingen'), (select id from personen where VoornaamAchternaam='DBbbJhheg'))
,(newid(), '1932-12-10 10:10:10.000', (select id from houders where Naam='HonderdplusKoppelingen'), (select id from personen where VoornaamAchternaam='ABbbFiibj'))
,(newid(), '1942-12-26 10:10:10.000', (select id from houders where Naam='HonderdplusKoppelingen'), (select id from personen where VoornaamAchternaam='GBbbBkjdc'))
,(newid(), '1941-12-22 10:10:10.000', (select id from houders where Naam='HonderdplusKoppelingen'), (select id from personen where VoornaamAchternaam='ECccIjjjg'))
,(newid(), '1922-11-25 10:10:10.000', (select id from houders where Naam='HonderdplusKoppelingen'), (select id from personen where VoornaamAchternaam='HCccBkifh'))
,(newid(), '1985-12-28 10:10:10.000', (select id from houders where Naam='HonderdplusKoppelingen'), (select id from personen where VoornaamAchternaam='KCccCiahd'))
,(newid(), '1972-10-19 10:10:10.000', (select id from houders where Naam='HonderdplusKoppelingen'), (select id from personen where VoornaamAchternaam='GCccJabkd'))
,(newid(), '1928-12-21 10:10:10.000', (select id from houders where Naam='HonderdplusKoppelingen'), (select id from personen where VoornaamAchternaam='HCccJbcje'))
,(newid(), '1952-10-13 10:10:10.000', (select id from houders where Naam='HonderdplusKoppelingen'), (select id from personen where VoornaamAchternaam='JCccEbabb'))
,(newid(), '2001-10-28 10:10:10.000', (select id from houders where Naam='HonderdplusKoppelingen'), (select id from personen where VoornaamAchternaam='KCccDbggk'))
,(newid(), '2009-11-24 10:10:10.000', (select id from houders where Naam='HonderdplusKoppelingen'), (select id from personen where VoornaamAchternaam='DCccIaggb'))
,(newid(), '2005-12-21 10:10:10.000', (select id from houders where Naam='HonderdplusKoppelingen'), (select id from personen where VoornaamAchternaam='CCccEcbbi'))
,(newid(), '2009-10-12 10:10:10.000', (select id from houders where Naam='HonderdplusKoppelingen'), (select id from personen where VoornaamAchternaam='FCccAaaeb'))
,(newid(), '1977-10-15 10:10:10.000', (select id from houders where Naam='HonderdplusKoppelingen'), (select id from personen where VoornaamAchternaam='ICccKbihf'))
,(newid(), '1997-11-11 10:10:10.000', (select id from houders where Naam='HonderdplusKoppelingen'), (select id from personen where VoornaamAchternaam='ECccBdeaj'))
,(newid(), '2005-12-28 10:10:10.000', (select id from houders where Naam='HonderdplusKoppelingen'), (select id from personen where VoornaamAchternaam='BCccIebei'))
,(newid(), '1944-10-24 10:10:10.000', (select id from houders where Naam='HonderdplusKoppelingen'), (select id from personen where VoornaamAchternaam='ICccEdhke'))
,(newid(), '1942-11-15 10:10:10.000', (select id from houders where Naam='HonderdplusKoppelingen'), (select id from personen where VoornaamAchternaam='DCccCdeea'))
,(newid(), '1989-12-14 10:10:10.000', (select id from houders where Naam='HonderdplusKoppelingen'), (select id from personen where VoornaamAchternaam='ACccFefkf'))
,(newid(), '1985-10-14 10:10:10.000', (select id from houders where Naam='HonderdplusKoppelingen'), (select id from personen where VoornaamAchternaam='JCccKfgja'))
,(newid(), '1963-12-17 10:10:10.000', (select id from houders where Naam='HonderdplusKoppelingen'), (select id from personen where VoornaamAchternaam='ACccCajke'))
,(newid(), '1933-12-17 10:10:10.000', (select id from houders where Naam='HonderdplusKoppelingen'), (select id from personen where VoornaamAchternaam='JCccHhikf'))
,(newid(), '2008-12-17 10:10:10.000', (select id from houders where Naam='HonderdplusKoppelingen'), (select id from personen where VoornaamAchternaam='FCccFhfjk'))
,(newid(), '1963-11-16 10:10:10.000', (select id from houders where Naam='HonderdplusKoppelingen'), (select id from personen where VoornaamAchternaam='ECccCgbdj'))
,(newid(), '1953-10-23 10:10:10.000', (select id from houders where Naam='HonderdplusKoppelingen'), (select id from personen where VoornaamAchternaam='ACccFgfjc'))
,(newid(), '1920-10-13 10:10:10.000', (select id from houders where Naam='HonderdplusKoppelingen'), (select id from personen where VoornaamAchternaam='DCccGajcc'))
,(newid(), '1923-10-18 10:10:10.000', (select id from houders where Naam='HonderdplusKoppelingen'), (select id from personen where VoornaamAchternaam='ECccJbihk'))
,(newid(), '1941-11-25 10:10:10.000', (select id from houders where Naam='HonderdplusKoppelingen'), (select id from personen where VoornaamAchternaam='GCccGjbai'))
,(newid(), '2008-12-11 10:10:10.000', (select id from houders where Naam='HonderdplusKoppelingen'), (select id from personen where VoornaamAchternaam='DCccFkcek'))
,(newid(), '1920-11-19 10:10:10.000', (select id from houders where Naam='HonderdplusKoppelingen'), (select id from personen where VoornaamAchternaam='BCccCahce'))
,(newid(), '1941-11-21 10:10:10.000', (select id from houders where Naam='HonderdplusKoppelingen'), (select id from personen where VoornaamAchternaam='CCccKbgfb'))
,(newid(), '1951-11-25 10:10:10.000', (select id from houders where Naam='HonderdplusKoppelingen'), (select id from personen where VoornaamAchternaam='HCccIhagg'))
,(newid(), '1960-10-18 10:10:10.000', (select id from houders where Naam='HonderdplusKoppelingen'), (select id from personen where VoornaamAchternaam='CCccIakcd'))
