insert into vogs values(newid(), '50677516', CURRENT_TIMESTAMP, (select id from personen where VoornaamAchternaam='EAaaEdhaf'))
,(newid(), '25481661', CURRENT_TIMESTAMP, (select id from personen where VoornaamAchternaam='BAaaHcgkb'))
,(newid(), '54402285', CURRENT_TIMESTAMP, (select id from personen where VoornaamAchternaam='IAaaCckhi'))
,(newid(), '57677308', CURRENT_TIMESTAMP, (select id from personen where VoornaamAchternaam='KAaaEckdd'))
,(newid(), '27129405', CURRENT_TIMESTAMP, (select id from personen where VoornaamAchternaam='DAaaHeiea'))
,(newid(), '90356045', CURRENT_TIMESTAMP, (select id from personen where VoornaamAchternaam='DAaaAiadj'))
,(newid(), '34321732', CURRENT_TIMESTAMP, (select id from personen where VoornaamAchternaam='GAaaIdgja'))
,(newid(), '65183668', CURRENT_TIMESTAMP, (select id from personen where VoornaamAchternaam='CAaaEgbbh'))
,(newid(), '46766107', CURRENT_TIMESTAMP, (select id from personen where VoornaamAchternaam='KAaaDjkff'))
,(newid(), '41581278', CURRENT_TIMESTAMP, (select id from personen where VoornaamAchternaam='CAaaEfdkc'))
,(newid(), '27794217', CURRENT_TIMESTAMP, (select id from personen where VoornaamAchternaam='BAaaEacfj'))
,(newid(), '38579571', CURRENT_TIMESTAMP, (select id from personen where VoornaamAchternaam='CAaaAaica'))
,(newid(), '56681782', CURRENT_TIMESTAMP, (select id from personen where VoornaamAchternaam='JAaaIijig'))
,(newid(), '17835272', CURRENT_TIMESTAMP, (select id from personen where VoornaamAchternaam='KAaaBbkdg'))
,(newid(), '24004804', CURRENT_TIMESTAMP, (select id from personen where VoornaamAchternaam='IAaaDehge'))
,(newid(), '43527022', CURRENT_TIMESTAMP, (select id from personen where VoornaamAchternaam='DAaaAgefg'))
,(newid(), '10107812', CURRENT_TIMESTAMP, (select id from personen where VoornaamAchternaam='GAaaBedfb'))
,(newid(), '52208344', CURRENT_TIMESTAMP, (select id from personen where VoornaamAchternaam='JAaaAihha'))
,(newid(), '32958420', CURRENT_TIMESTAMP, (select id from personen where VoornaamAchternaam='EAaaDjkib'))
,(newid(), '83573422', CURRENT_TIMESTAMP, (select id from personen where VoornaamAchternaam='BAaaBegic'))
,(newid(), '27897874', CURRENT_TIMESTAMP, (select id from personen where VoornaamAchternaam='KAaaFhhkg'))
,(newid(), '50943063', CURRENT_TIMESTAMP, (select id from personen where VoornaamAchternaam='AAaaAijkb'))
,(newid(), '85425405', CURRENT_TIMESTAMP, (select id from personen where VoornaamAchternaam='DAaaDbeie'))
,(newid(), '13905072', CURRENT_TIMESTAMP, (select id from personen where VoornaamAchternaam='DAaaDcekg'))
,(newid(), '61560197', CURRENT_TIMESTAMP, (select id from personen where VoornaamAchternaam='DAaaFjbkj'))
,(newid(), '36324054', CURRENT_TIMESTAMP, (select id from personen where VoornaamAchternaam='BAaaCkcii'))
,(newid(), '20756862', CURRENT_TIMESTAMP, (select id from personen where VoornaamAchternaam='EAaaIeaii'))
,(newid(), '12162128', CURRENT_TIMESTAMP, (select id from personen where VoornaamAchternaam='HAaaEgick'))
,(newid(), '55347418', CURRENT_TIMESTAMP, (select id from personen where VoornaamAchternaam='BAaaGeaig'))
,(newid(), '52107322', CURRENT_TIMESTAMP, (select id from personen where VoornaamAchternaam='GAaaAaaji'))
,(newid(), '39214344', CURRENT_TIMESTAMP, (select id from personen where VoornaamAchternaam='CAaaFbfad'))
,(newid(), '47143192', CURRENT_TIMESTAMP, (select id from personen where VoornaamAchternaam='GAaaJkcjh'))
,(newid(), '77085513', CURRENT_TIMESTAMP, (select id from personen where VoornaamAchternaam='AAaaJdgji'))
,(newid(), '93702330', CURRENT_TIMESTAMP, (select id from personen where VoornaamAchternaam='AAaaDkkga'))
,(newid(), '68548542', CURRENT_TIMESTAMP, (select id from personen where VoornaamAchternaam='HAaaGjibh'))
,(newid(), '45956190', CURRENT_TIMESTAMP, (select id from personen where VoornaamAchternaam='HAaaHdbbh'))
,(newid(), '55666167', CURRENT_TIMESTAMP, (select id from personen where VoornaamAchternaam='BAaaIbedj'))
,(newid(), '27715222', CURRENT_TIMESTAMP, (select id from personen where VoornaamAchternaam='DAaaDddia'))
,(newid(), '82638670', CURRENT_TIMESTAMP, (select id from personen where VoornaamAchternaam='KAaaCggbf'))
,(newid(), '15991108', CURRENT_TIMESTAMP, (select id from personen where VoornaamAchternaam='GAaaIhggb'))
,(newid(), '94166174', CURRENT_TIMESTAMP, (select id from personen where VoornaamAchternaam='BAaaIcdeg'))
,(newid(), '73655969', CURRENT_TIMESTAMP, (select id from personen where VoornaamAchternaam='EAaaFhdai'))
,(newid(), '69741189', CURRENT_TIMESTAMP, (select id from personen where VoornaamAchternaam='FAaaBkafg'))
,(newid(), '35828191', CURRENT_TIMESTAMP, (select id from personen where VoornaamAchternaam='IAaaBicfd'))
,(newid(), '10982050', CURRENT_TIMESTAMP, (select id from personen where VoornaamAchternaam='HAaaJidfc'))
,(newid(), '30239405', CURRENT_TIMESTAMP, (select id from personen where VoornaamAchternaam='JAaaAffdk'))
,(newid(), '84435568', CURRENT_TIMESTAMP, (select id from personen where VoornaamAchternaam='CAaaEfdgi'))
,(newid(), '22912395', CURRENT_TIMESTAMP, (select id from personen where VoornaamAchternaam='GAaaFkbca'))
,(newid(), '57907776', CURRENT_TIMESTAMP, (select id from personen where VoornaamAchternaam='GAaaBhckj'))
,(newid(), '11541990', CURRENT_TIMESTAMP, (select id from personen where VoornaamAchternaam='DAaaGdkbi'))
,(newid(), '41303308', CURRENT_TIMESTAMP, (select id from personen where VoornaamAchternaam='DAaaHkiei'))
,(newid(), '43322886', CURRENT_TIMESTAMP, (select id from personen where VoornaamAchternaam='JAaaGbegc'))
,(newid(), '33202209', CURRENT_TIMESTAMP, (select id from personen where VoornaamAchternaam='FBbbIcjeb'))
,(newid(), '42474785', CURRENT_TIMESTAMP, (select id from personen where VoornaamAchternaam='ABbbJdecd'))
,(newid(), '87239721', CURRENT_TIMESTAMP, (select id from personen where VoornaamAchternaam='CBbbEjgej'))
,(newid(), '45398368', CURRENT_TIMESTAMP, (select id from personen where VoornaamAchternaam='IBbbHddcd'))
,(newid(), '73224874', CURRENT_TIMESTAMP, (select id from personen where VoornaamAchternaam='ABbbIaeec'))
,(newid(), '45065392', CURRENT_TIMESTAMP, (select id from personen where VoornaamAchternaam='JBbbJgieh'))
,(newid(), '23684480', CURRENT_TIMESTAMP, (select id from personen where VoornaamAchternaam='EBbbFhbfa'))
,(newid(), '46885433', CURRENT_TIMESTAMP, (select id from personen where VoornaamAchternaam='FBbbAkikb'))
,(newid(), '82414040', CURRENT_TIMESTAMP, (select id from personen where VoornaamAchternaam='DBbbJheca'))
,(newid(), '85785944', CURRENT_TIMESTAMP, (select id from personen where VoornaamAchternaam='GBbbKdcdb'))
,(newid(), '64140933', CURRENT_TIMESTAMP, (select id from personen where VoornaamAchternaam='ABbbFekcc'))
,(newid(), '12306261', CURRENT_TIMESTAMP, (select id from personen where VoornaamAchternaam='ABbbHgcfa'))
,(newid(), '62420616', CURRENT_TIMESTAMP, (select id from personen where VoornaamAchternaam='BBbbEcfef'))
,(newid(), '92611441', CURRENT_TIMESTAMP, (select id from personen where VoornaamAchternaam='BBbbFhdhi'))
,(newid(), '72251651', CURRENT_TIMESTAMP, (select id from personen where VoornaamAchternaam='ABbbIbgbc'))
,(newid(), '77039362', CURRENT_TIMESTAMP, (select id from personen where VoornaamAchternaam='JBbbKebaa'))
,(newid(), '79679014', CURRENT_TIMESTAMP, (select id from personen where VoornaamAchternaam='DBbbEhjje'))
,(newid(), '92399075', CURRENT_TIMESTAMP, (select id from personen where VoornaamAchternaam='CBbbFdikf'))
,(newid(), '92083029', CURRENT_TIMESTAMP, (select id from personen where VoornaamAchternaam='ABbbGjeic'))
,(newid(), '73633339', CURRENT_TIMESTAMP, (select id from personen where VoornaamAchternaam='DBbbGikhg'))
,(newid(), '75308684', CURRENT_TIMESTAMP, (select id from personen where VoornaamAchternaam='DBbbKdijk'))
,(newid(), '63348495', CURRENT_TIMESTAMP, (select id from personen where VoornaamAchternaam='CBbbCjdfg'))
,(newid(), '46319647', CURRENT_TIMESTAMP, (select id from personen where VoornaamAchternaam='IBbbBkckh'))
,(newid(), '80525309', CURRENT_TIMESTAMP, (select id from personen where VoornaamAchternaam='FBbbKddjd'))
,(newid(), '54993535', CURRENT_TIMESTAMP, (select id from personen where VoornaamAchternaam='CBbbKghgc'))
,(newid(), '93312199', CURRENT_TIMESTAMP, (select id from personen where VoornaamAchternaam='DBbbJhheg'))
,(newid(), '54420590', CURRENT_TIMESTAMP, (select id from personen where VoornaamAchternaam='ABbbFiibj'))
,(newid(), '64847122', CURRENT_TIMESTAMP, (select id from personen where VoornaamAchternaam='GBbbBkjdc'))
,(newid(), '10934792', CURRENT_TIMESTAMP, (select id from personen where VoornaamAchternaam='ECccIjjjg'))
,(newid(), '75927757', CURRENT_TIMESTAMP, (select id from personen where VoornaamAchternaam='HCccBkifh'))
,(newid(), '47556587', CURRENT_TIMESTAMP, (select id from personen where VoornaamAchternaam='KCccCiahd'))
,(newid(), '94551232', CURRENT_TIMESTAMP, (select id from personen where VoornaamAchternaam='GCccJabkd'))
,(newid(), '40374467', CURRENT_TIMESTAMP, (select id from personen where VoornaamAchternaam='HCccJbcje'))
,(newid(), '88645669', CURRENT_TIMESTAMP, (select id from personen where VoornaamAchternaam='JCccEbabb'))
,(newid(), '79471991', CURRENT_TIMESTAMP, (select id from personen where VoornaamAchternaam='KCccDbggk'))
,(newid(), '32178405', CURRENT_TIMESTAMP, (select id from personen where VoornaamAchternaam='DCccIaggb'))
,(newid(), '82203355', CURRENT_TIMESTAMP, (select id from personen where VoornaamAchternaam='CCccEcbbi'))
,(newid(), '36435198', CURRENT_TIMESTAMP, (select id from personen where VoornaamAchternaam='FCccAaaeb'))
,(newid(), '61734212', CURRENT_TIMESTAMP, (select id from personen where VoornaamAchternaam='ICccKbihf'))
,(newid(), '48025867', CURRENT_TIMESTAMP, (select id from personen where VoornaamAchternaam='ECccBdeaj'))
,(newid(), '65453906', CURRENT_TIMESTAMP, (select id from personen where VoornaamAchternaam='BCccIebei'))
,(newid(), '91880827', CURRENT_TIMESTAMP, (select id from personen where VoornaamAchternaam='ICccEdhke'))
,(newid(), '11917074', CURRENT_TIMESTAMP, (select id from personen where VoornaamAchternaam='DCccCdeea'))
,(newid(), '61283349', CURRENT_TIMESTAMP, (select id from personen where VoornaamAchternaam='ACccFefkf'))
,(newid(), '78365207', CURRENT_TIMESTAMP, (select id from personen where VoornaamAchternaam='JCccKfgja'))
,(newid(), '69501792', CURRENT_TIMESTAMP, (select id from personen where VoornaamAchternaam='ACccCajke'))
,(newid(), '86514462', CURRENT_TIMESTAMP, (select id from personen where VoornaamAchternaam='JCccHhikf'))
,(newid(), '17118359', CURRENT_TIMESTAMP, (select id from personen where VoornaamAchternaam='FCccFhfjk'))
,(newid(), '50306998', CURRENT_TIMESTAMP, (select id from personen where VoornaamAchternaam='ECccCgbdj'))
,(newid(), '75678489', CURRENT_TIMESTAMP, (select id from personen where VoornaamAchternaam='ACccFgfjc'))
,(newid(), '12250337', CURRENT_TIMESTAMP, (select id from personen where VoornaamAchternaam='DCccGajcc'))
,(newid(), '42617092', CURRENT_TIMESTAMP, (select id from personen where VoornaamAchternaam='ECccJbihk'))
,(newid(), '98512340', CURRENT_TIMESTAMP, (select id from personen where VoornaamAchternaam='GCccGjbai'))
,(newid(), '37777133', CURRENT_TIMESTAMP, (select id from personen where VoornaamAchternaam='DCccFkcek'))
,(newid(), '76792536', CURRENT_TIMESTAMP, (select id from personen where VoornaamAchternaam='BCccCahce'))
,(newid(), '40092033', CURRENT_TIMESTAMP, (select id from personen where VoornaamAchternaam='CCccKbgfb'))
,(newid(), '41114322', CURRENT_TIMESTAMP, (select id from personen where VoornaamAchternaam='HCccIhagg'))
,(newid(), '83047166', CURRENT_TIMESTAMP, (select id from personen where VoornaamAchternaam='CCccIakcd'))
