,(newid(), '15695859', '2014-12-09 09:03:40.000', (select id from personen where VoornaamAchternaam='Ihgebbkekfbj'))
,(newid(), '81098105', '2014-12-09 09:03:40.000', (select id from personen where VoornaamAchternaam='Adkgbgkbhbcd'))
,(newid(), '19576978', '2014-12-09 09:03:40.000', (select id from personen where VoornaamAchternaam='Jgafkkbakaif'))
,(newid(), '15897668', '2014-12-09 09:03:40.000', (select id from personen where VoornaamAchternaam='Jgcgdffffagc'))
,(newid(), '27557103', '2014-12-09 09:03:40.000', (select id from personen where VoornaamAchternaam='Fgcjfajibijg'))
,(newid(), '37877731', '2014-12-09 09:03:40.000', (select id from personen where VoornaamAchternaam='Gbebfaeikkdc'))
,(newid(), '51118059', '2014-12-09 09:03:40.000', (select id from personen where VoornaamAchternaam='Ghedfceiffjb'))
,(newid(), '35351261', '2014-12-09 09:03:40.000', (select id from personen where VoornaamAchternaam='Ddgadegcdfdb'))
,(newid(), '93030535', '2014-12-09 09:03:40.000', (select id from personen where VoornaamAchternaam='Jjeejcacchaj'))
,(newid(), '28600879', '2014-12-09 09:03:40.000', (select id from personen where VoornaamAchternaam='Edkccabajbbe'))
,(newid(), '12526337', '2014-12-09 09:03:40.000', (select id from personen where VoornaamAchternaam='Icdjhakabfff'))
,(newid(), '21640583', '2014-12-09 09:03:40.000', (select id from personen where VoornaamAchternaam='Gkfeaeaagajk'))
,(newid(), '61973787', '2014-12-09 09:03:40.000', (select id from personen where VoornaamAchternaam='Kbaahhgdaiib'))
,(newid(), '89147928', '2014-12-09 09:03:40.000', (select id from personen where VoornaamAchternaam='Dgkhbddejaci'))
,(newid(), '43800225', '2014-12-09 09:03:40.000', (select id from personen where VoornaamAchternaam='Ejfbdfbjhcbk'))
,(newid(), '92742039', '2014-12-09 09:03:40.000', (select id from personen where VoornaamAchternaam='Fjgkijhkfije'))
,(newid(), '52316784', '2014-12-09 09:03:40.000', (select id from personen where VoornaamAchternaam='Cbefgjgghfii'))
,(newid(), '47000937', '2014-12-09 09:03:40.000', (select id from personen where VoornaamAchternaam='Kbfbciffcckj'))
,(newid(), '24318165', '2014-12-09 09:03:40.000', (select id from personen where VoornaamAchternaam='Jejfkgfhkdfc'))
,(newid(), '75685392', '2014-12-09 09:03:40.000', (select id from personen where VoornaamAchternaam='Biekbgekhkig'))
,(newid(), '81847767', '2014-12-09 09:03:40.000', (select id from personen where VoornaamAchternaam='Hjjkbidgfhdc'))
,(newid(), '42754869', '2014-12-09 09:03:40.000', (select id from personen where VoornaamAchternaam='Fheajiadeefa'))
,(newid(), '12684253', '2014-12-09 09:03:40.000', (select id from personen where VoornaamAchternaam='Dekbbgfdhhhi'))
,(newid(), '73699999', '2014-12-09 09:03:40.000', (select id from personen where VoornaamAchternaam='Ghhjjfcbgckf'))
,(newid(), '39525821', '2014-12-09 09:03:40.000', (select id from personen where VoornaamAchternaam='Ahdaegkecdkd'))
,(newid(), '44115614', '2014-12-09 09:03:40.000', (select id from personen where VoornaamAchternaam='Ihibaebfadif'))
