,(newid(), '2014-12-09 09:40:12.000', (select id from houders where Naam='HerKoppelen'), (select id from personen where VoornaamAchternaam='Ihgebbkekfbj'))
,(newid(), '2014-12-08 08:40:12.000', (select id from houders where Naam='HerKoppelen'), (select id from personen where VoornaamAchternaam='Adkgbgkbhbcd'))
,(newid(), '2014-12-07 07:40:12.000', (select id from houders where Naam='HerKoppelen'), (select id from personen where VoornaamAchternaam='Jgafkkbakaif'))
,(newid(), '2014-12-06 06:40:12.000', (select id from houders where Naam='HerKoppelen'), (select id from personen where VoornaamAchternaam='Jgcgdffffagc'))
,(newid(), '2014-12-05 05:40:12.000', (select id from houders where Naam='HerKoppelen'), (select id from personen where VoornaamAchternaam='Fgcjfajibijg'))
,(newid(), '2014-12-04 04:40:12.000', (select id from houders where Naam='HerKoppelen'), (select id from personen where VoornaamAchternaam='Gbebfaeikkdc'))
,(newid(), '2014-12-03 03:40:12.000', (select id from houders where Naam='HerKoppelen'), (select id from personen where VoornaamAchternaam='Ghedfceiffjb'))
,(newid(), '2014-12-02 02:40:12.000', (select id from houders where Naam='HerKoppelen'), (select id from personen where VoornaamAchternaam='Ddgadegcdfdb'))
,(newid(), '2014-12-01 01:40:12.000', (select id from houders where Naam='HerKoppelen'), (select id from personen where VoornaamAchternaam='Jjeejcacchaj'))
,(newid(), '2014-11-30 09:40:12.000', (select id from houders where Naam='HerKoppelen'), (select id from personen where VoornaamAchternaam='Edkccabajbbe'))
,(newid(), '2014-11-29 09:40:12.000', (select id from houders where Naam='HerKoppelen'), (select id from personen where VoornaamAchternaam='Icdjhakabfff'))
,(newid(), '2014-11-28 09:40:12.000', (select id from houders where Naam='HerKoppelen'), (select id from personen where VoornaamAchternaam='Gkfeaeaagajk'))
,(newid(), '2014-11-27 09:40:12.000', (select id from houders where Naam='HerKoppelen'), (select id from personen where VoornaamAchternaam='Kbaahhgdaiib'))
,(newid(), '2014-11-26 09:40:12.000', (select id from houders where Naam='HerKoppelen'), (select id from personen where VoornaamAchternaam='Dgkhbddejaci'))
,(newid(), '2014-11-25 09:40:12.000', (select id from houders where Naam='HerKoppelen'), (select id from personen where VoornaamAchternaam='Ejfbdfbjhcbk'))
,(newid(), '2014-10-09 09:40:12.000', (select id from houders where Naam='HerKoppelen'), (select id from personen where VoornaamAchternaam='Fjgkijhkfije'))
,(newid(), '2014-10-08 08:40:12.000', (select id from houders where Naam='HerKoppelen'), (select id from personen where VoornaamAchternaam='Cbefgjgghfii'))
,(newid(), '2014-10-07 07:40:12.000', (select id from houders where Naam='HerKoppelen'), (select id from personen where VoornaamAchternaam='Kbfbciffcckj'))
,(newid(), '2014-10-06 06:40:12.000', (select id from houders where Naam='HerKoppelen'), (select id from personen where VoornaamAchternaam='Jejfkgfhkdfc'))
,(newid(), '2014-10-05 05:40:12.000', (select id from houders where Naam='HerKoppelen'), (select id from personen where VoornaamAchternaam='Biekbgekhkig'))
,(newid(), '2014-10-04 04:40:12.000', (select id from houders where Naam='HerKoppelen'), (select id from personen where VoornaamAchternaam='Hjjkbidgfhdc'))
,(newid(), '2014-10-03 03:40:12.000', (select id from houders where Naam='HerKoppelen'), (select id from personen where VoornaamAchternaam='Fheajiadeefa'))
,(newid(), '2014-10-02 02:40:12.000', (select id from houders where Naam='HerKoppelen'), (select id from personen where VoornaamAchternaam='Dekbbgfdhhhi'))
,(newid(), '2014-10-01 01:40:12.000', (select id from houders where Naam='HerKoppelen'), (select id from personen where VoornaamAchternaam='Ghhjjfcbgckf'))
,(newid(), '2014-09-30 09:40:12.000', (select id from houders where Naam='HerKoppelen'), (select id from personen where VoornaamAchternaam='Ahdaegkecdkd'))
,(newid(), '2014-09-29 09:40:12.000', (select id from houders where Naam='HerKoppelen'), (select id from personen where VoornaamAchternaam='Ihibaebfadif'))
